"","Rotation","SPE_Mean","SPE_SD","NBME_Min","NBME_Max"
"1","Family Medicine Clerkship",95.5533197831978,3.28584997030852,74,100
"2","Medicine Clerkship",89.0662939297125,4.01367330515426,50,100
"3","Neurology Clerkship",89.3173076923077,5.77177452371534,64,94
"4","Ob/Gyn Clerkship",91.7069751139152,6.6175029695737,46.6666666666667,100
"5","Pediatric Clerkship",86.9195046439629,6.55084203983572,64,95
"6","Psychiatry Clerkship",93.7602523659306,5.49907333384877,70,97
"7","Surgery Clerkship",93.3153225806452,4.65317851408631,62,93
